{
  "project_info": {
    "project_number": "1013782717573",
    "firebase_url": "https://fir-phoneauth-dd6da.firebaseio.com",
    "project_id": "fir-phoneauth-dd6da",
    "storage_bucket": "fir-phoneauth-dd6da.appspot.com"
  },
  "client": [
    {
      "client_info": {
        "mobilesdk_app_id": "1:1013782717573:android:bf55d90096599c8b",
        "android_client_info": {
          "package_name": "com.app.glimpse.care"
        }
      },
      "oauth_client": [
        {
          "client_id": "1013782717573-uleovbsv4cfh1qu4poa54c0phtfj5l1a.apps.googleusercontent.com",
          "client_type": 3
        }
      ],
      "api_key": [
        {
          "current_key": "AIzaSyBx0S6McKLy9Lfrh63mvjry0gdUUzdsGRE"
        }
      ],
      "services": {
        "appinvite_service": {
          "other_platform_oauth_client": [
            {
              "client_id": "1013782717573-uleovbsv4cfh1qu4poa54c0phtfj5l1a.apps.googleusercontent.com",
              "client_type": 3
            },
            {
              "client_id": "1013782717573-g27723r2gpd7ecidv6777lp6lj8bvlc1.apps.googleusercontent.com",
              "client_type": 2,
              "ios_info": {
                "bundle_id": "com.minestomarket"
              }
            }
          ]
        }
      }
    },
    {
      "client_info": {
        "mobilesdk_app_id": "1:1013782717573:android:4eb740f362344989",
        "android_client_info": {
          "package_name": "com.app.glimpses.manage"
        }
      },
      "oauth_client": [
        {
          "client_id": "1013782717573-libh8qersn34ec2r434tv00hr5ialffn.apps.googleusercontent.com",
          "client_type": 1,
          "android_info": {
            "package_name": "com.app.glimpses.manage",
            "certificate_hash": "d88391d78ffeb81160bc21f2a7fa325ad3c82039"
          }
        },
        {
          "client_id": "1013782717573-d39mj3lt1qnu5u528au90kr05kinnlsf.apps.googleusercontent.com",
          "client_type": 1,
          "android_info": {
            "package_name": "com.app.glimpses.manage",
            "certificate_hash": "2e8bbe5884e29fb5eee6f38df790eefe31399f80"
          }
        },
        {
          "client_id": "1013782717573-uleovbsv4cfh1qu4poa54c0phtfj5l1a.apps.googleusercontent.com",
          "client_type": 3
        }
      ],
      "api_key": [
        {
          "current_key": "AIzaSyBx0S6McKLy9Lfrh63mvjry0gdUUzdsGRE"
        }
      ],
      "services": {
        "appinvite_service": {
          "other_platform_oauth_client": [
            {
              "client_id": "1013782717573-uleovbsv4cfh1qu4poa54c0phtfj5l1a.apps.googleusercontent.com",
              "client_type": 3
            },
            {
              "client_id": "1013782717573-g27723r2gpd7ecidv6777lp6lj8bvlc1.apps.googleusercontent.com",
              "client_type": 2,
              "ios_info": {
                "bundle_id": "com.minestomarket"
              }
            }
          ]
        }
      }
    },
    {
      "client_info": {
        "mobilesdk_app_id": "1:1013782717573:android:7b18e7e1d3dd7941",
        "android_client_info": {
          "package_name": "com.artmania.app"
        }
      },
      "oauth_client": [
        {
          "client_id": "1013782717573-f26cv3o5cfhs5h30lhq3f1lo9hpo3dhk.apps.googleusercontent.com",
          "client_type": 1,
          "android_info": {
            "package_name": "com.artmania.app",
            "certificate_hash": "0e15ebe9614a4b68e4369c4cec6c90d400aca683"
          }
        },
        {
          "client_id": "1013782717573-uleovbsv4cfh1qu4poa54c0phtfj5l1a.apps.googleusercontent.com",
          "client_type": 3
        }
      ],
      "api_key": [
        {
          "current_key": "AIzaSyBx0S6McKLy9Lfrh63mvjry0gdUUzdsGRE"
        }
      ],
      "services": {
        "appinvite_service": {
          "other_platform_oauth_client": [
            {
              "client_id": "1013782717573-uleovbsv4cfh1qu4poa54c0phtfj5l1a.apps.googleusercontent.com",
              "client_type": 3
            },
            {
              "client_id": "1013782717573-g27723r2gpd7ecidv6777lp6lj8bvlc1.apps.googleusercontent.com",
              "client_type": 2,
              "ios_info": {
                "bundle_id": "com.minestomarket"
              }
            }
          ]
        }
      }
    },
    {
      "client_info": {
        "mobilesdk_app_id": "1:1013782717573:android:af1643dad444c11b",
        "android_client_info": {
          "package_name": "com.cityapp"
        }
      },
      "oauth_client": [
        {
          "client_id": "1013782717573-iol2rrntqi0e51l0ieuvl18ofnd7uqhf.apps.googleusercontent.com",
          "client_type": 1,
          "android_info": {
            "package_name": "com.cityapp",
            "certificate_hash": "eaf139b8895560b9b599a262ff0c74f9219dcb6c"
          }
        },
        {
          "client_id": "1013782717573-uleovbsv4cfh1qu4poa54c0phtfj5l1a.apps.googleusercontent.com",
          "client_type": 3
        }
      ],
      "api_key": [
        {
          "current_key": "AIzaSyBx0S6McKLy9Lfrh63mvjry0gdUUzdsGRE"
        }
      ],
      "services": {
        "appinvite_service": {
          "other_platform_oauth_client": [
            {
              "client_id": "1013782717573-uleovbsv4cfh1qu4poa54c0phtfj5l1a.apps.googleusercontent.com",
              "client_type": 3
            },
            {
              "client_id": "1013782717573-g27723r2gpd7ecidv6777lp6lj8bvlc1.apps.googleusercontent.com",
              "client_type": 2,
              "ios_info": {
                "bundle_id": "com.minestomarket"
              }
            }
          ]
        }
      }
    },
    {
      "client_info": {
        "mobilesdk_app_id": "1:1013782717573:android:6686d0f36715d636",
        "android_client_info": {
          "package_name": "com.ckiict.igotmywork"
        }
      },
      "oauth_client": [
        {
          "client_id": "1013782717573-dmngqs84o3i04a6him67lrfl134cmhq7.apps.googleusercontent.com",
          "client_type": 1,
          "android_info": {
            "package_name": "com.ckiict.igotmywork",
            "certificate_hash": "d88391d78ffeb81160bc21f2a7fa325ad3c82039"
          }
        },
        {
          "client_id": "1013782717573-uleovbsv4cfh1qu4poa54c0phtfj5l1a.apps.googleusercontent.com",
          "client_type": 3
        }
      ],
      "api_key": [
        {
          "current_key": "AIzaSyBx0S6McKLy9Lfrh63mvjry0gdUUzdsGRE"
        }
      ],
      "services": {
        "appinvite_service": {
          "other_platform_oauth_client": [
            {
              "client_id": "1013782717573-uleovbsv4cfh1qu4poa54c0phtfj5l1a.apps.googleusercontent.com",
              "client_type": 3
            },
            {
              "client_id": "1013782717573-g27723r2gpd7ecidv6777lp6lj8bvlc1.apps.googleusercontent.com",
              "client_type": 2,
              "ios_info": {
                "bundle_id": "com.minestomarket"
              }
            }
          ]
        }
      }
    },
    {
      "client_info": {
        "mobilesdk_app_id": "1:1013782717573:android:8992ad79e2ad9d14",
        "android_client_info": {
          "package_name": "com.homecleaner"
        }
      },
      "oauth_client": [
        {
          "client_id": "1013782717573-uleovbsv4cfh1qu4poa54c0phtfj5l1a.apps.googleusercontent.com",
          "client_type": 3
        }
      ],
      "api_key": [
        {
          "current_key": "AIzaSyBx0S6McKLy9Lfrh63mvjry0gdUUzdsGRE"
        }
      ],
      "services": {
        "appinvite_service": {
          "other_platform_oauth_client": [
            {
              "client_id": "1013782717573-uleovbsv4cfh1qu4poa54c0phtfj5l1a.apps.googleusercontent.com",
              "client_type": 3
            },
            {
              "client_id": "1013782717573-g27723r2gpd7ecidv6777lp6lj8bvlc1.apps.googleusercontent.com",
              "client_type": 2,
              "ios_info": {
                "bundle_id": "com.minestomarket"
              }
            }
          ]
        }
      }
    },
    {
      "client_info": {
        "mobilesdk_app_id": "1:1013782717573:android:4b9259bee96d19dc",
        "android_client_info": {
          "package_name": "com.jadygallery.staggered"
        }
      },
      "oauth_client": [
        {
          "client_id": "1013782717573-095cqlajv2ffpkcn4o4k6ack8rptdc9m.apps.googleusercontent.com",
          "client_type": 1,
          "android_info": {
            "package_name": "com.jadygallery.staggered",
            "certificate_hash": "0e15ebe9614a4b68e4369c4cec6c90d400aca683"
          }
        },
        {
          "client_id": "1013782717573-uleovbsv4cfh1qu4poa54c0phtfj5l1a.apps.googleusercontent.com",
          "client_type": 3
        }
      ],
      "api_key": [
        {
          "current_key": "AIzaSyBx0S6McKLy9Lfrh63mvjry0gdUUzdsGRE"
        }
      ],
      "services": {
        "appinvite_service": {
          "other_platform_oauth_client": [
            {
              "client_id": "1013782717573-uleovbsv4cfh1qu4poa54c0phtfj5l1a.apps.googleusercontent.com",
              "client_type": 3
            },
            {
              "client_id": "1013782717573-g27723r2gpd7ecidv6777lp6lj8bvlc1.apps.googleusercontent.com",
              "client_type": 2,
              "ios_info": {
                "bundle_id": "com.minestomarket"
              }
            }
          ]
        }
      }
    },
    {
      "client_info": {
        "mobilesdk_app_id": "1:1013782717573:android:dcfe1ae053e1d418",
        "android_client_info": {
          "package_name": "com.kbzapp"
        }
      },
      "oauth_client": [
        {
          "client_id": "1013782717573-uleovbsv4cfh1qu4poa54c0phtfj5l1a.apps.googleusercontent.com",
          "client_type": 3
        }
      ],
      "api_key": [
        {
          "current_key": "AIzaSyBx0S6McKLy9Lfrh63mvjry0gdUUzdsGRE"
        }
      ],
      "services": {
        "appinvite_service": {
          "other_platform_oauth_client": [
            {
              "client_id": "1013782717573-uleovbsv4cfh1qu4poa54c0phtfj5l1a.apps.googleusercontent.com",
              "client_type": 3
            },
            {
              "client_id": "1013782717573-g27723r2gpd7ecidv6777lp6lj8bvlc1.apps.googleusercontent.com",
              "client_type": 2,
              "ios_info": {
                "bundle_id": "com.minestomarket"
              }
            }
          ]
        }
      }
    },
    {
      "client_info": {
        "mobilesdk_app_id": "1:1013782717573:android:62caf66fb3a69b90",
        "android_client_info": {
          "package_name": "com.mammam"
        }
      },
      "oauth_client": [
        {
          "client_id": "1013782717573-uleovbsv4cfh1qu4poa54c0phtfj5l1a.apps.googleusercontent.com",
          "client_type": 3
        }
      ],
      "api_key": [
        {
          "current_key": "AIzaSyBx0S6McKLy9Lfrh63mvjry0gdUUzdsGRE"
        }
      ],
      "services": {
        "appinvite_service": {
          "other_platform_oauth_client": [
            {
              "client_id": "1013782717573-uleovbsv4cfh1qu4poa54c0phtfj5l1a.apps.googleusercontent.com",
              "client_type": 3
            },
            {
              "client_id": "1013782717573-g27723r2gpd7ecidv6777lp6lj8bvlc1.apps.googleusercontent.com",
              "client_type": 2,
              "ios_info": {
                "bundle_id": "com.minestomarket"
              }
            }
          ]
        }
      }
    },
    {
      "client_info": {
        "mobilesdk_app_id": "1:1013782717573:android:a0b70d17f99f0713",
        "android_client_info": {
          "package_name": "com.meao.webview"
        }
      },
      "oauth_client": [
        {
          "client_id": "1013782717573-uleovbsv4cfh1qu4poa54c0phtfj5l1a.apps.googleusercontent.com",
          "client_type": 3
        }
      ],
      "api_key": [
        {
          "current_key": "AIzaSyBx0S6McKLy9Lfrh63mvjry0gdUUzdsGRE"
        }
      ],
      "services": {
        "appinvite_service": {
          "other_platform_oauth_client": [
            {
              "client_id": "1013782717573-uleovbsv4cfh1qu4poa54c0phtfj5l1a.apps.googleusercontent.com",
              "client_type": 3
            },
            {
              "client_id": "1013782717573-g27723r2gpd7ecidv6777lp6lj8bvlc1.apps.googleusercontent.com",
              "client_type": 2,
              "ios_info": {
                "bundle_id": "com.minestomarket"
              }
            }
          ]
        }
      }
    },
    {
      "client_info": {
        "mobilesdk_app_id": "1:1013782717573:android:ed20c647b22e5f22",
        "android_client_info": {
          "package_name": "com.minestomarket"
        }
      },
      "oauth_client": [
        {
          "client_id": "1013782717573-uleovbsv4cfh1qu4poa54c0phtfj5l1a.apps.googleusercontent.com",
          "client_type": 3
        }
      ],
      "api_key": [
        {
          "current_key": "AIzaSyBx0S6McKLy9Lfrh63mvjry0gdUUzdsGRE"
        }
      ],
      "services": {
        "appinvite_service": {
          "other_platform_oauth_client": [
            {
              "client_id": "1013782717573-uleovbsv4cfh1qu4poa54c0phtfj5l1a.apps.googleusercontent.com",
              "client_type": 3
            },
            {
              "client_id": "1013782717573-g27723r2gpd7ecidv6777lp6lj8bvlc1.apps.googleusercontent.com",
              "client_type": 2,
              "ios_info": {
                "bundle_id": "com.minestomarket"
              }
            }
          ]
        }
      }
    },
    {
      "client_info": {
        "mobilesdk_app_id": "1:1013782717573:android:d04bcfb33a67d8a3",
        "android_client_info": {
          "package_name": "com.photobook"
        }
      },
      "oauth_client": [
        {
          "client_id": "1013782717573-m9p7o9e9b54mp7j8i5q7t97083a8huja.apps.googleusercontent.com",
          "client_type": 1,
          "android_info": {
            "package_name": "com.photobook",
            "certificate_hash": "d88391d78ffeb81160bc21f2a7fa325ad3c82039"
          }
        },
        {
          "client_id": "1013782717573-05kpuhu02kntepn3o9vi89nbdq95lrtg.apps.googleusercontent.com",
          "client_type": 1,
          "android_info": {
            "package_name": "com.photobook",
            "certificate_hash": "322d9f9a31ef0d62e53d75396f7c4db3a92348f0"
          }
        },
        {
          "client_id": "1013782717573-uleovbsv4cfh1qu4poa54c0phtfj5l1a.apps.googleusercontent.com",
          "client_type": 3
        }
      ],
      "api_key": [
        {
          "current_key": "AIzaSyBx0S6McKLy9Lfrh63mvjry0gdUUzdsGRE"
        }
      ],
      "services": {
        "appinvite_service": {
          "other_platform_oauth_client": [
            {
              "client_id": "1013782717573-uleovbsv4cfh1qu4poa54c0phtfj5l1a.apps.googleusercontent.com",
              "client_type": 3
            },
            {
              "client_id": "1013782717573-g27723r2gpd7ecidv6777lp6lj8bvlc1.apps.googleusercontent.com",
              "client_type": 2,
              "ios_info": {
                "bundle_id": "com.minestomarket"
              }
            }
          ]
        }
      }
    },
    {
      "client_info": {
        "mobilesdk_app_id": "1:1013782717573:android:e78f8feb28dffc36",
        "android_client_info": {
          "package_name": "com.pleazer"
        }
      },
      "oauth_client": [
        {
          "client_id": "1013782717573-n9pqe45psla3plfsi2rki0udc7teifob.apps.googleusercontent.com",
          "client_type": 1,
          "android_info": {
            "package_name": "com.pleazer",
            "certificate_hash": "322d9f9a31ef0d62e53d75396f7c4db3a92348f0"
          }
        },
        {
          "client_id": "1013782717573-uleovbsv4cfh1qu4poa54c0phtfj5l1a.apps.googleusercontent.com",
          "client_type": 3
        }
      ],
      "api_key": [
        {
          "current_key": "AIzaSyBx0S6McKLy9Lfrh63mvjry0gdUUzdsGRE"
        }
      ],
      "services": {
        "appinvite_service": {
          "other_platform_oauth_client": [
            {
              "client_id": "1013782717573-uleovbsv4cfh1qu4poa54c0phtfj5l1a.apps.googleusercontent.com",
              "client_type": 3
            },
            {
              "client_id": "1013782717573-g27723r2gpd7ecidv6777lp6lj8bvlc1.apps.googleusercontent.com",
              "client_type": 2,
              "ios_info": {
                "bundle_id": "com.minestomarket"
              }
            }
          ]
        }
      }
    },
    {
      "client_info": {
        "mobilesdk_app_id": "1:1013782717573:android:11267bf6639bd52f",
        "android_client_info": {
          "package_name": "com.societyapp"
        }
      },
      "oauth_client": [
        {
          "client_id": "1013782717573-16j8j67v09180g693kdmjdacf3ogd4if.apps.googleusercontent.com",
          "client_type": 1,
          "android_info": {
            "package_name": "com.societyapp",
            "certificate_hash": "322d9f9a31ef0d62e53d75396f7c4db3a92348f0"
          }
        },
        {
          "client_id": "1013782717573-uleovbsv4cfh1qu4poa54c0phtfj5l1a.apps.googleusercontent.com",
          "client_type": 3
        }
      ],
      "api_key": [
        {
          "current_key": "AIzaSyBx0S6McKLy9Lfrh63mvjry0gdUUzdsGRE"
        }
      ],
      "services": {
        "appinvite_service": {
          "other_platform_oauth_client": [
            {
              "client_id": "1013782717573-uleovbsv4cfh1qu4poa54c0phtfj5l1a.apps.googleusercontent.com",
              "client_type": 3
            },
            {
              "client_id": "1013782717573-g27723r2gpd7ecidv6777lp6lj8bvlc1.apps.googleusercontent.com",
              "client_type": 2,
              "ios_info": {
                "bundle_id": "com.minestomarket"
              }
            }
          ]
        }
      }
    }
  ],
  "configuration_version": "1"
}